"loglambda","HF","descr"
-6.79099771817337,-0.889371390450518,"upper95CI_SEMmethod"
-7.12174431066821,-1.03990862106682,"beta_h"
-7.45249090316305,-1.19044585168312,"lower95CI_SEMmethod"
1,1,"signif95CI_SEMmethod"
0.653559206401722,0.297463360796485,"stddev.of.beta_ts"
-7.98023590941414,-1.23120348992552,"lower95CI_mean_of_hessian_method"
-6.26325271192228,-0.848613752208115,"upper95CI_mean_of_hessian_method"
0.16874826147696,0.0768047094981117,"std.err.mean"
