"loglambda","iso(HF)","descr"
-7.22488415814712,-0.146191716689961,"upper95CI_SEMmethod"
-8.40128254206259,-0.231888517293048,"beta_group"
-9.57768092597805,-0.317585317896135,"lower95CI_SEMmethod"
1,1,"signif95CI_SEMmethod"
1.34209528319177,0.0977672814299731,"stddev.of.beta_groups"
-8.97097162782036,-0.251623222182627,"lower95CI_mean_of_hessian_method"
-7.83159345630482,-0.212153812403469,"upper95CI_mean_of_hessian_method"
0.600203257099727,0.0437228574505545,"std.err.mean"
