"loglambda","iso(HF)","descr"
-7.26692240012995,-0.241533366684751,"upper95CI_SEMmethod"
-7.56310273456779,-0.264339536101994,"beta_group"
-7.85928306900564,-0.287145705519238,"lower95CI_SEMmethod"
1,1,"signif95CI_SEMmethod"
0.337897633368183,0.0260184413894558,"stddev.of.beta_groups"
-7.98593748780851,-0.281726049068808,"lower95CI_mean_of_hessian_method"
-7.14026798132707,-0.246953023135181,"upper95CI_mean_of_hessian_method"
0.151112415529512,0.0116358007230834,"std.err.mean"
